ID,Type,Name,Organizer,Date
1,Concert,Stellar Harmony,Stellar Harmony,2023-10-01
2,Concert,Silver Horizon,Silver Horizon,2023-10-04
3,Concert,Velvet Radiance,Velvet Radiance,2023-10-08
4,Conference,Cloned zero tolerance forecast,"McKenzie, Connelly and Tromp",2023-10-08
5,Conference,Re-contextualized eco-centric pricing structure,Hayes Inc,2023-10-11
6,Concert,Azure Bliss,Azure Bliss,2023-10-13
7,Concert,Solar Bliss,Solar Bliss,2023-10-14
8,Concert,Phantom Bliss,Phantom Bliss,2023-10-15
9,Concert,Harmonic Bliss,Harmonic Bliss,2023-10-15
10,Concert,Serenade Radiance,Serenade Radiance,2023-10-19
11,Concert,Crescent Symphony,Crescent Symphony,2023-10-23
12,Conference,Automated tertiary firmware,Zulauf - Bruen,2023-10-27
13,Concert,Galactic Dreams,Galactic Dreams,2023-10-28
14,Conference,Enhanced static superstructure,Jenkins - Nader,2023-10-31
15,Conference,Stand-alone asynchronous throughput,Ebert LLC,2023-11-02
16,Conference,Cross-platform solution-oriented concept,Rice - Waelchi,2023-11-04
17,Concert,Opal Bliss,Opal Bliss,2023-11-05
18,Conference,Open-architected static open architecture,"Roberts, Christiansen and Waters",2023-11-05
19,Conference,Visionary bifurcated instruction set,Flatley - Lueilwitz,2023-11-09
20,Concert,Nebula Nights,Nebula Nights,2023-11-13
21,Conference,Multi-tiered 6th generation process improvement,"Rice, Collins and Bartoletti",2023-11-13
22,Conference,Public-key multimedia matrices,Harvey and Sons,2023-11-16
23,Concert,Galactic Dreams,Galactic Dreams,2023-11-16
24,Concert,Echoes of Bliss,Echoes of Bliss,2023-11-17
25,Concert,Silver Symphony,Silver Symphony,2023-11-18
26,Conference,Multi-channelled impactful algorithm,"Johnson, Bechtelar and Hand",2023-11-18
27,Concert,Crimson Night,Crimson Night,2023-11-18
28,Conference,Automated systematic concept,Cassin LLC,2023-11-20
29,Concert,Luminous Bliss,Luminous Bliss,2023-11-28
30,Conference,Robust client-server synergy,Fisher and Sons,2023-11-28
31,Concert,Velvet Symphony,Velvet Symphony,2023-11-29
32,Conference,User-friendly encompassing analyzer,Champlin - Kihn,2023-12-12
33,Concert,Mystic Bliss,Mystic Bliss,2023-12-14
34,Conference,Inverse motivating Graphic Interface,Jacobi - Raynor,2023-12-21
35,Concert,Crescent Bliss,Crescent Bliss,2023-12-23
36,Conference,Distributed regional focus group,Bergstrom Inc,2023-12-26
37,Conference,Profit-focused fresh-thinking help-desk,Kuvalis - Jerde,2023-12-29
38,Conference,Reduced 24 hour capacity,Stracke Group,2023-12-30
39,Conference,Extended user-facing productivity,Corwin - Crona,2024-01-06
40,Conference,Switchable exuding moratorium,Powlowski - Cremin,2024-01-08
41,Conference,Visionary contextually-based policy,Flatley - Huels,2024-01-10
42,Concert,Distant Echoes,Distant Echoes,2024-01-10
43,Conference,Monitored grid-enabled budgetary management,Carroll and Sons,2024-01-10
44,Concert,Celestial Symphony,Celestial Symphony,2024-01-13
45,Concert,Azure Dreams,Azure Dreams,2024-01-13
46,Conference,Progressive zero defect framework,"D'Amore, Wilderman and Schmitt",2024-01-19
47,Concert,Solar Harmony,Solar Harmony,2024-01-20
48,Conference,Triple-buffered local website,Huels - Dickinson,2024-01-21
49,Concert,Echoing Echoes,Echoing Echoes,2024-01-22
50,Conference,Proactive neutral encoding,Armstrong Group,2024-01-26
51,Concert,Phantom Groove,Phantom Groove,2024-01-30
52,Conference,Automated hybrid conglomeration,Ruecker - Waters,2024-01-31
53,Concert,Twilight Harmony,Twilight Harmony,2024-02-03
54,Conference,Streamlined national strategy,"Boehm, DuBuque and Bechtelar",2024-02-05
55,Concert,Harmonic Bliss,Harmonic Bliss,2024-02-05
56,Conference,Digitized modular access,Bradtke Inc,2024-02-07
57,Conference,Implemented zero tolerance matrix,Boyle and Sons,2024-02-07
58,Concert,Aurora Symphony,Aurora Symphony,2024-02-09
59,Concert,Luminous Echo,Luminous Echo,2024-02-11
60,Conference,Profit-focused context-sensitive Graphical User Interface,"Schaden, Feil and Nader",2024-02-12
61,Conference,Digitized bi-directional policy,Gerlach - Becker,2024-02-17
62,Conference,Ameliorated non-volatile encryption,Yundt - Schmeler,2024-02-19
63,Concert,Obsidian Echoes,Obsidian Echoes,2024-02-20
64,Concert,Aurora's End,Aurora's End,2024-02-23
65,Concert,Distant Echoes,Distant Echoes,2024-02-23
66,Concert,Silver Wing,Silver Wing,2024-02-24
67,Conference,Open-source uniform groupware,Waters - Runolfsson,2024-03-02
68,Conference,Integrated bifurcated installation,Corwin Group,2024-03-06
69,Concert,Opal Skies,Opal Skies,2024-03-07
70,Conference,Grass-roots multi-state hub,Crooks and Sons,2024-03-09
71,Concert,Scarlet Bliss,Scarlet Bliss,2024-03-10
72,Conference,Visionary transitional model,Schmitt Inc,2024-03-10
73,Conference,Compatible logistical archive,Johns LLC,2024-03-18
74,Concert,Radiant Serenade,Radiant Serenade,2024-03-27
75,Concert,Harmonic Waves,Harmonic Waves,2024-03-30
76,Concert,Serenade Eclipse,Serenade Eclipse,2024-04-01
77,Concert,Starlit Harmony,Starlit Harmony,2024-04-04
78,Conference,Polarised full-range product,"Bruen, Macejkovic and Little",2024-04-05
79,Concert,Golden Pulse,Golden Pulse,2024-04-06
80,Conference,Implemented global analyzer,Wuckert and Sons,2024-04-08
81,Concert,Velvet Symphony,Velvet Symphony,2024-04-09
82,Concert,Luminous Bliss,Luminous Bliss,2024-04-09
83,Conference,Synchronised multi-tasking encoding,Russel LLC,2024-04-15
84,Concert,Rising Symphony,Rising Symphony,2024-04-17
85,Concert,Whispering Bliss,Whispering Bliss,2024-04-21
86,Concert,Echoes of Eternity,Echoes of Eternity,2024-04-21
87,Concert,Scarlet Harmony,Scarlet Harmony,2024-04-30
88,Concert,Golden Pulse,Golden Pulse,2024-04-30
89,Conference,User-friendly zero defect local area network,McClure and Sons,2024-04-30
90,Concert,Starlit Symphony,Starlit Symphony,2024-05-03
91,Concert,Twilight Bliss,Twilight Bliss,2024-05-08
92,Conference,Expanded coherent capacity,Price Inc,2024-05-09
93,Concert,Silver Horizon,Silver Horizon,2024-05-10
94,Conference,Enterprise-wide zero defect solution,"Schumm, Murray and Deckow",2024-05-10
95,Conference,Horizontal human-resource time-frame,Hermiston Inc,2024-05-10
96,Concert,Obsidian Symphony,Obsidian Symphony,2024-05-12
97,Conference,Networked optimal attitude,"Cormier, Senger and McKenzie",2024-05-15
98,Concert,Nocturnal Voyage,Nocturnal Voyage,2024-05-16
99,Conference,Programmable maximized circuit,MacGyver and Sons,2024-05-19
100,Concert,Nocturnal Bliss,Nocturnal Bliss,2024-05-21
101,Concert,Radiant Harmony,Radiant Harmony,2024-05-22
102,Concert,Stellar Symphony,Stellar Symphony,2024-05-24
103,Conference,Synchronised didactic hub,"Frami, Brekke and Quitzon",2024-05-25
104,Conference,Future-proofed methodical structure,Schaefer - Bartoletti,2024-05-28
105,Conference,Reactive needs-based paradigm,"O'Kon, Emmerich and Cormier",2024-05-29
106,Conference,Customer-focused eco-centric intranet,"Terry, Feeney and Haag",2024-05-31
107,Concert,Nebula Harmony,Nebula Harmony,2024-06-06
108,Concert,Azure Flames,Azure Flames,2024-06-11
109,Concert,Solar Winds,Solar Winds,2024-06-12
110,Concert,Twilight Harmony,Twilight Harmony,2024-06-14
111,Concert,Serenade Eclipse,Serenade Eclipse,2024-06-14
112,Concert,Azure Dreams,Azure Dreams,2024-06-15
113,Concert,Twilight Glow,Twilight Glow,2024-06-23
114,Concert,Solar Pulse,Solar Pulse,2024-06-24
115,Concert,Distant Veil,Distant Veil,2024-06-25
116,Concert,Twilight Bliss,Twilight Bliss,2024-06-28
117,Concert,Golden Harmony,Golden Harmony,2024-06-28
118,Concert,Violet Symphony,Violet Symphony,2024-06-28
119,Concert,Echoes of Echoes,Echoes of Echoes,2024-06-28
120,Concert,Whispering Harmony,Whispering Harmony,2024-06-29
121,Concert,Opal Harmony,Opal Harmony,2024-06-29
122,Concert,Distant Echoes,Distant Echoes,2024-06-29
123,Concert,Whispering Echoes,Whispering Echoes,2024-06-29
124,Concert,Luminous Shadows,Luminous Shadows,2024-06-30
125,Concert,Nocturnal Echoes,Nocturnal Echoes,2024-07-01
126,Concert,Distant Echoes,Distant Echoes,2024-07-01
127,Concert,Luminous Shadows,Luminous Shadows,2024-07-03
128,Concert,Azure Flames,Azure Flames,2024-07-05
129,Concert,Mystic Harmony,Mystic Harmony,2024-07-06
130,Concert,Solar Echo,Solar Echo,2024-07-07
131,Concert,Serenade Horizon,Serenade Horizon,2024-07-07
132,Concert,Echoing Bliss,Echoing Bliss,2024-07-07
133,Concert,Golden Mirage,Golden Mirage,2024-07-17
134,Concert,Radiant Echo,Radiant Echo,2024-07-17
135,Concert,Rising Bliss,Rising Bliss,2024-07-19
136,Concert,Azure Bliss,Azure Bliss,2024-07-20
137,Concert,Radiant Pulse,Radiant Pulse,2024-07-23
138,Concert,Nebula Nights,Nebula Nights,2024-07-24
139,Concert,Phantom Bliss,Phantom Bliss,2024-07-25
140,Concert,Scarlet Groove,Scarlet Groove,2024-07-27
141,Concert,Rising Symphony,Rising Symphony,2024-07-28
142,Concert,Rising Symphony,Rising Symphony,2024-08-06
143,Concert,Echoing Trails,Echoing Trails,2024-08-09
144,Concert,Mystic Echoes,Mystic Echoes,2024-08-10
145,Concert,Azure Echoes,Azure Echoes,2024-08-14
146,Concert,Serenade Horizon,Serenade Horizon,2024-08-14
147,Concert,Nebula Echoes,Nebula Echoes,2024-08-20
148,Concert,Solar Bliss,Solar Bliss,2024-08-21
149,Concert,Crimson Glow,Crimson Glow,2024-08-23
150,Concert,Whispering Echoes,Whispering Echoes,2024-09-02
151,Concert,Galactic Muse,Galactic Muse,2024-09-02
152,Concert,Azure Bliss,Azure Bliss,2024-09-03
153,Concert,Echoing Dusk,Echoing Dusk,2024-09-04
154,Concert,Azure Bliss,Azure Bliss,2024-09-04
155,Concert,Ethereal Sound,Ethereal Sound,2024-09-04
156,Concert,Radiant Pulse,Radiant Pulse,2024-09-05
157,Concert,Solar Echo,Solar Echo,2024-09-05
158,Concert,Electric Echoes,Electric Echoes,2024-09-07
159,Concert,Echoing Trails,Echoing Trails,2024-09-07
160,Concert,Luminous Shadows,Luminous Shadows,2024-09-08
161,Concert,Echoing Bliss,Echoing Bliss,2024-09-10
162,Concert,Violet Harmony,Violet Harmony,2024-09-11
163,Concert,Opal Symphony,Opal Symphony,2024-09-12
164,Concert,Ethereal Symphony,Ethereal Symphony,2024-09-12
165,Concert,Echoes of Time,Echoes of Time,2024-09-13
166,Concert,Echoing Harmony,Echoing Harmony,2024-09-14
167,Concert,Aurora Borealis,Aurora Borealis,2024-09-16
168,Concert,Ethereal Bliss,Ethereal Bliss,2024-09-21
169,Concert,Radiant Harmony,Radiant Harmony,2024-09-23
170,Concert,Enigma Harmony,Enigma Harmony,2024-09-27
171,Concert,Violet Waves,Violet Waves,2024-10-05
172,Concert,Echoes of Eternity,Echoes of Eternity,2024-10-06
173,Concert,Rising Bliss,Rising Bliss,2024-10-08
174,Concert,Electric Bliss,Electric Bliss,2024-10-11
175,Concert,Velvet Bliss,Velvet Bliss,2024-10-12
176,Concert,Stellar Drift,Stellar Drift,2024-10-18
177,Concert,Violet Bliss,Violet Bliss,2024-10-18
178,Concert,Opal Skies,Opal Skies,2024-10-18
179,Concert,Twilight Reverie,Twilight Reverie,2024-10-21
180,Concert,Velvet Symphony,Velvet Symphony,2024-10-29
181,Concert,Phantom Groove,Phantom Groove,2024-10-29
182,Concert,Violet Harmony,Violet Harmony,2024-10-30
183,Concert,Harmonic Echo,Harmonic Echo,2024-11-02
184,Concert,Nebula's Edge,Nebula's Edge,2024-11-02
185,Concert,Ethereal Groove,Ethereal Groove,2024-11-06
186,Concert,Crimson Night,Crimson Night,2024-11-16
187,Concert,Radiant Harmony,Radiant Harmony,2024-11-18
188,Concert,Silent Thunder,Silent Thunder,2024-11-22
189,Concert,Distant Harmony,Distant Harmony,2024-11-25
190,Concert,Celestial Groove,Celestial Groove,2024-11-25
191,Concert,Serenade Eclipse,Serenade Eclipse,2024-11-27
192,Concert,Twilight Harmony,Twilight Harmony,2024-12-02
193,Concert,Crimson Night,Crimson Night,2024-12-03
194,Concert,Azure Dreams,Azure Dreams,2024-12-05
195,Concert,Violet Harmony,Violet Harmony,2024-12-10
196,Concert,Scarlet Harmony,Scarlet Harmony,2024-12-13
197,Concert,Violet Sun,Violet Sun,2024-12-13
198,Concert,Opal Bliss,Opal Bliss,2024-12-19
199,Concert,Obsidian Echoes,Obsidian Echoes,2024-12-23
200,Concert,Nocturnal Echoes,Nocturnal Echoes,2024-12-30
